rank,mad,tukey,twitter
1,1.0,1.0,1.0
2,0.5,0.5,0.5
3,0.6666666666666666,0.6666666666666666,0.6666666666666666
4,0.75,0.75,0.75
5,0.6,0.6,0.6
