rank,mad,tukey,twitter
1,1.0,1.0,1.0
2,0.5,0.5,0.5
3,0.3333333333333333,0.3333333333333333,0.3333333333333333
4,0.25,0.25,0.25
5,0.2,0.2,0.2
