rank,mad,tukey,twitter
1,1.0,1.0,1.0
2,1.0,1.0,1.0
3,0.6666666666666666,1.0,0.6666666666666666
4,0.75,0.75,0.5
5,0.6,0.6,0.4
