rank,mad,tukey,twitter
1,1.0,1.0,0.0
2,1.0,1.0,0.5
3,0.6666666666666666,0.6666666666666666,0.6666666666666666
4,0.5,0.5,0.5
5,0.4,0.4,0.4
