rank,mad,tukey,twitter
1,1.0,1.0,1.0
2,0.5,0.5,1.0
3,0.3333333333333333,0.3333333333333333,1.0
4,0.25,0.25,0.75
5,0.2,0.2,0.6
